episode,state,mean_reward,td_delta,elapsed_s
0,Emotional_Comfort,-0.0613,-0.1359,0.1
1,Emotional_Comfort,-0.0342,0.5061,0.1
2,Exploration_Seeking,-0.0117,-0.4785,0.2
3,Exploration_Seeking,-0.0019,-0.3244,0.2
4,Emotional_Comfort,-0.0145,0.4469,0.3
5,Emotional_Comfort,-0.0330,0.4705,0.3
6,Vigilance_Defense,-0.0570,0.3617,0.4
7,Exploration_Seeking,-0.0025,-0.2405,0.4
8,Approach_Reward,0.0205,-0.0697,0.5
9,Vigilance_Defense,-0.0251,0.3188,0.6
10,Approach_Reward,-0.0030,0.3681,0.6
11,Vigilance_Defense,-0.0107,0.1144,0.7
12,Emotional_Comfort,-0.0086,0.2592,0.7
13,Grooming_Rest,-0.0408,-0.2978,0.8
14,Grooming_Rest,-0.0064,-0.3189,0.8
15,Vigilance_Defense,0.0114,0.0114,0.9
16,Exploration_Seeking,-0.0068,0.3273,0.9
17,Approach_Reward,-0.0143,0.4788,1.0
18,Approach_Reward,-0.0220,-0.4909,1.0
19,Emotional_Comfort,-0.0105,-0.4963,1.1
20,Emotional_Comfort,-0.0385,-0.3217,1.4
21,Exploration_Seeking,-0.0092,-0.0491,1.4
22,Approach_Reward,-0.0038,-0.4896,1.5
23,Emotional_Comfort,-0.0121,0.3254,1.5
24,Exploration_Seeking,-0.0129,0.3728,1.6
25,Fear_Arousal,-0.0160,-0.2392,1.6
26,Approach_Reward,-0.0074,0.3148,1.7
27,Emotional_Comfort,-0.0065,0.1243,1.7
28,Exploration_Seeking,-0.0052,-0.3666,1.8
29,Vigilance_Defense,-0.0268,0.4885,1.9
30,Emotional_Comfort,-0.0083,0.1754,1.9
31,Vigilance_Defense,-0.0006,0.2552,2.0
32,Approach_Reward,-0.0081,0.0560,2.0
33,Exploration_Seeking,-0.0087,-0.3758,2.1
34,Approach_Reward,0.0095,0.4119,2.1
35,Vigilance_Defense,-0.0303,0.4720,2.2
36,Vigilance_Defense,-0.0316,0.4390,2.2
37,Fear_Arousal,-0.0234,0.2245,2.3
38,Emotional_Comfort,-0.0429,0.4336,2.4
39,Emotional_Comfort,-0.0396,-0.2022,2.4
40,Exploration_Seeking,-0.0077,-0.4107,2.7
41,Emotional_Comfort,-0.0069,0.4816,2.7
42,Exploration_Seeking,-0.0124,0.0536,2.8
43,Approach_Reward,-0.0270,0.4942,2.8
44,Fear_Arousal,-0.0051,-0.0220,2.9
45,Fear_Arousal,-0.0401,0.5004,2.9
46,Grooming_Rest,-0.0132,-0.4359,3.0
47,Fear_Arousal,0.0080,0.1896,3.0
48,Vigilance_Defense,-0.0299,0.4861,3.1
49,Grooming_Rest,-0.0224,-0.2117,3.2
50,Exploration_Seeking,0.0112,-0.2071,3.2
51,Approach_Reward,-0.0187,-0.2707,3.3
52,Vigilance_Defense,-0.0140,-0.3836,3.3
53,Fear_Arousal,0.0106,0.4114,3.4
54,Emotional_Comfort,-0.0120,-0.4823,3.4
55,Emotional_Comfort,-0.0076,0.0999,3.5
56,Exploration_Seeking,-0.0045,-0.1387,3.6
57,Vigilance_Defense,-0.0177,-0.1800,3.6
58,Exploration_Seeking,-0.0010,0.3040,3.7
59,Exploration_Seeking,-0.0002,0.3201,3.7
60,Vigilance_Defense,-0.0182,-0.0625,4.0
61,Vigilance_Defense,-0.0406,-0.3900,4.0
62,Grooming_Rest,-0.0043,-0.1691,4.1
63,Grooming_Rest,-0.0013,0.1131,4.1
64,Emotional_Comfort,-0.0092,-0.4927,4.2
65,Fear_Arousal,0.0236,-0.2363,4.2
66,Exploration_Seeking,-0.0161,-0.4751,4.3
67,Approach_Reward,0.0248,-0.2611,4.4
68,Grooming_Rest,0.0125,-0.3538,4.4
69,Approach_Reward,0.0021,0.1811,4.5
70,Emotional_Comfort,-0.0127,0.1821,4.5
71,Emotional_Comfort,-0.0015,-0.0325,4.6
72,Fear_Arousal,-0.0135,0.4609,4.6
73,Fear_Arousal,0.0161,-0.3066,4.7
74,Exploration_Seeking,0.0062,0.0261,4.7
75,Approach_Reward,0.2461,-0.6407,4.8
76,Vigilance_Defense,-0.0208,0.2423,4.8
77,Exploration_Seeking,0.0165,-0.1794,4.9
78,Exploration_Seeking,0.0261,-0.1668,4.9
79,Approach_Reward,-0.0151,0.2753,5.0
80,Vigilance_Defense,-0.0177,-0.0496,5.2
81,Emotional_Comfort,0.0228,0.0376,5.3
82,Vigilance_Defense,0.0095,-0.0212,5.4
83,Vigilance_Defense,-0.0017,-0.3780,5.4
84,Emotional_Comfort,-0.0105,0.2321,5.5
85,Vigilance_Defense,-0.0414,0.2105,5.5
86,Grooming_Rest,-0.0085,0.3080,5.6
87,Grooming_Rest,-0.0001,0.0747,5.6
88,Exploration_Seeking,-0.0411,-0.0318,5.7
89,Fear_Arousal,-0.0018,-0.3162,5.7
90,Fear_Arousal,0.0492,0.2050,5.8
91,Fear_Arousal,0.0750,0.2581,5.8
92,Fear_Arousal,0.0789,-0.2272,5.9
93,Grooming_Rest,0.0111,-0.5164,6.0
94,Fear_Arousal,-0.0083,-0.3846,6.0
95,Approach_Reward,-0.0090,-0.1089,6.1
96,Exploration_Seeking,-0.0248,-0.0521,6.1
97,Exploration_Seeking,-0.0184,-0.1456,6.2
98,Grooming_Rest,0.0077,-0.1439,6.2
99,Approach_Reward,0.0292,0.0256,6.3
100,Emotional_Comfort,-0.0126,0.1751,6.5
101,Approach_Reward,-0.0016,0.0711,6.6
102,Vigilance_Defense,-0.0234,0.4981,6.6
103,Vigilance_Defense,-0.0063,-0.4021,6.7
104,Approach_Reward,0.0727,-0.3015,6.7
105,Exploration_Seeking,0.0053,0.0425,6.8
106,Fear_Arousal,0.0062,-0.2587,6.8
107,Approach_Reward,0.0171,0.1136,6.9
108,Vigilance_Defense,-0.0155,0.3854,6.9
109,Fear_Arousal,0.0502,0.2564,7.0
110,Vigilance_Defense,0.0664,-0.0694,7.1
111,Fear_Arousal,0.0901,-0.0494,7.1
112,Grooming_Rest,0.0004,-0.3314,7.2
113,Exploration_Seeking,0.0899,-0.1635,7.2
114,Approach_Reward,0.1358,-0.2301,7.3
115,Fear_Arousal,0.0046,-0.1398,7.3
116,Fear_Arousal,0.0255,-0.2233,7.4
117,Approach_Reward,0.0541,-0.1947,7.4
118,Vigilance_Defense,0.0189,-0.1247,7.5
119,Grooming_Rest,-0.0030,-0.2903,7.6
120,Grooming_Rest,0.0478,-0.0264,7.8
121,Vigilance_Defense,-0.0138,0.1376,7.9
122,Approach_Reward,0.0229,0.0657,7.9
123,Vigilance_Defense,0.0097,-0.2272,8.0
124,Vigilance_Defense,0.0074,-0.2801,8.0
125,Vigilance_Defense,0.0278,0.2534,8.1
126,Exploration_Seeking,-0.0057,0.1042,8.1
127,Vigilance_Defense,-0.0104,-0.4875,8.2
128,Vigilance_Defense,0.0158,-0.1018,8.3
129,Approach_Reward,0.0284,-0.2883,8.3
130,Fear_Arousal,-0.0038,-0.4660,8.4
131,Emotional_Comfort,-0.0053,0.0663,8.4
132,Approach_Reward,0.0274,-0.1759,8.5
133,Grooming_Rest,0.0000,0.1593,8.5
134,Grooming_Rest,-0.0000,0.1421,8.6
135,Emotional_Comfort,-0.0121,0.0584,8.6
136,Fear_Arousal,0.0840,0.0917,8.7
137,Approach_Reward,0.0510,-0.2196,8.7
138,Emotional_Comfort,-0.0070,-0.1619,8.8
139,Emotional_Comfort,-0.0038,0.0400,8.8
140,Grooming_Rest,0.0066,0.1135,9.1
141,Exploration_Seeking,0.0033,-0.4600,9.2
142,Fear_Arousal,0.0130,0.0091,9.2
143,Grooming_Rest,0.0098,0.0957,9.3
144,Emotional_Comfort,0.0259,0.1168,9.3
145,Grooming_Rest,0.0156,0.3142,9.4
146,Grooming_Rest,-0.0091,-0.0368,9.4
147,Emotional_Comfort,-0.0114,0.0105,9.5
148,Approach_Reward,-0.0101,-0.3301,9.5
149,Fear_Arousal,0.0722,-0.1019,9.6
150,Approach_Reward,0.0664,-0.0285,9.6
151,Fear_Arousal,0.0576,0.1580,9.7
152,Approach_Reward,0.1072,-0.2251,9.7
153,Emotional_Comfort,0.0652,-0.0462,9.8
154,Emotional_Comfort,0.0202,0.0012,9.9
155,Approach_Reward,0.0900,-0.0678,9.9
156,Exploration_Seeking,0.0083,-0.0944,10.0
157,Emotional_Comfort,0.0320,-0.0941,10.0
158,Fear_Arousal,0.0721,1.1586,10.1
159,Vigilance_Defense,0.0058,-0.1077,10.1
160,Exploration_Seeking,0.0641,0.9844,10.4
161,Approach_Reward,0.1529,0.0363,10.5
162,Approach_Reward,0.0001,-0.0802,10.5
163,Exploration_Seeking,0.0951,-0.3341,10.6
164,Fear_Arousal,0.1760,0.0240,10.6
165,Vigilance_Defense,0.1286,-0.0953,10.7
166,Approach_Reward,0.1041,-0.0254,10.7
167,Exploration_Seeking,0.0481,-0.3641,10.8
168,Fear_Arousal,0.3635,0.6980,10.9
169,Grooming_Rest,0.0019,-0.2031,10.9
170,Grooming_Rest,0.0094,-0.1549,11.0
171,Emotional_Comfort,0.0196,-0.0636,11.0
172,Vigilance_Defense,0.0675,0.0409,11.1
173,Fear_Arousal,0.0352,-0.2726,11.1
174,Emotional_Comfort,0.1288,-0.3622,11.2
175,Emotional_Comfort,0.0057,-0.5051,11.3
176,Vigilance_Defense,0.0788,-0.0899,11.3
177,Grooming_Rest,-0.0025,-0.1473,11.4
178,Vigilance_Defense,0.0390,0.1185,11.4
179,Emotional_Comfort,0.0375,0.0540,11.5
180,Vigilance_Defense,0.0543,0.0210,11.7
181,Grooming_Rest,0.0168,-0.1255,11.8
182,Approach_Reward,0.0386,0.1629,11.8
183,Emotional_Comfort,0.0043,0.0430,11.9
184,Fear_Arousal,0.1531,-0.3378,11.9
185,Emotional_Comfort,0.0176,-0.1439,12.0
186,Approach_Reward,0.1518,-0.2175,12.0
187,Vigilance_Defense,0.0528,-0.3572,12.1
188,Vigilance_Defense,0.0462,-0.1139,12.2
189,Vigilance_Defense,0.0664,-0.3083,12.2
190,Exploration_Seeking,0.0330,0.1301,12.3
191,Vigilance_Defense,0.0416,-0.1445,12.3
192,Exploration_Seeking,0.0618,-0.1360,12.4
193,Exploration_Seeking,0.0353,0.8762,12.4
194,Approach_Reward,0.0997,-0.1102,12.5
195,Fear_Arousal,0.2430,0.8218,12.5
196,Emotional_Comfort,0.0391,-0.1916,12.6
197,Grooming_Rest,0.0102,0.0351,12.6
198,Approach_Reward,0.0701,0.8851,12.7
199,Exploration_Seeking,0.0281,-0.1535,12.7
200,Approach_Reward,0.0507,-0.2670,13.0
201,Vigilance_Defense,0.0384,0.0199,13.0
202,Emotional_Comfort,-0.0108,-0.0672,13.1
203,Grooming_Rest,-0.0070,0.1567,13.2
204,Approach_Reward,-0.0011,0.1587,13.2
205,Approach_Reward,0.0054,0.1077,13.3
206,Grooming_Rest,0.0339,-0.1683,13.3
207,Grooming_Rest,0.0134,0.1877,13.4
208,Vigilance_Defense,-0.0019,-0.2495,13.5
209,Approach_Reward,-0.0081,0.1004,13.5
210,Exploration_Seeking,0.1287,-0.0095,13.6
211,Approach_Reward,0.1503,-0.0039,13.6
212,Vigilance_Defense,0.1440,0.7954,13.7
213,Emotional_Comfort,0.0066,0.1598,13.7
214,Emotional_Comfort,0.0361,-0.2569,13.8
215,Approach_Reward,0.2062,-0.2551,13.8
216,Fear_Arousal,0.0026,0.0993,13.9
217,Approach_Reward,0.1063,-0.1715,13.9
218,Fear_Arousal,0.0404,0.2098,14.0
219,Approach_Reward,0.0481,0.0256,14.0
220,Fear_Arousal,0.2016,-0.3443,14.3
221,Fear_Arousal,0.5768,-0.4928,14.3
222,Grooming_Rest,0.0142,-0.2190,14.4
223,Emotional_Comfort,0.0412,-0.2559,14.4
224,Vigilance_Defense,0.1749,-0.1201,14.5
225,Exploration_Seeking,0.0640,1.0134,14.5
226,Approach_Reward,0.2590,-0.2462,14.6
227,Exploration_Seeking,0.1451,0.7902,14.7
228,Fear_Arousal,0.0099,0.1060,14.7
229,Fear_Arousal,0.0521,0.0481,14.8
230,Exploration_Seeking,0.0798,-0.1847,14.8
231,Fear_Arousal,0.4256,-0.0621,14.9
232,Fear_Arousal,0.3423,-0.2836,14.9
233,Emotional_Comfort,0.0486,-0.3070,15.0
234,Exploration_Seeking,0.1294,-0.1888,15.0
235,Emotional_Comfort,0.0562,0.0297,15.1
236,Exploration_Seeking,0.0613,-0.2314,15.2
237,Approach_Reward,0.1796,0.0137,15.2
238,Fear_Arousal,0.2760,-0.1891,15.3
239,Emotional_Comfort,0.0481,-0.0667,15.3
240,Approach_Reward,0.2389,-0.2471,15.6
241,Vigilance_Defense,0.0923,-0.1149,15.6
242,Exploration_Seeking,0.0254,-0.1914,15.7
243,Fear_Arousal,0.2476,0.6726,15.7
244,Vigilance_Defense,0.3563,-0.3921,15.8
245,Emotional_Comfort,-0.0033,-0.1132,15.8
246,Fear_Arousal,0.0152,-0.0316,15.9
247,Emotional_Comfort,0.0172,0.0748,16.0
248,Fear_Arousal,0.2011,0.0198,16.0
249,Emotional_Comfort,0.0426,0.0307,16.1
250,Exploration_Seeking,0.2491,0.6292,16.1
251,Grooming_Rest,0.0700,-0.0750,16.2
252,Vigilance_Defense,0.2128,-0.2489,16.2
253,Exploration_Seeking,0.2710,-0.1129,16.3
254,Fear_Arousal,0.3580,0.7158,16.3
255,Emotional_Comfort,0.1364,-0.3011,16.4
256,Vigilance_Defense,0.0897,-0.0777,16.4
257,Vigilance_Defense,0.2456,-0.2465,16.5
258,Grooming_Rest,0.0091,-0.3699,16.5
259,Fear_Arousal,0.4277,0.7381,16.6
260,Approach_Reward,0.2681,-0.3675,16.9
261,Vigilance_Defense,0.3977,-0.5408,16.9
262,Exploration_Seeking,0.1052,0.7926,17.0
263,Exploration_Seeking,0.1135,-0.2138,17.0
264,Approach_Reward,0.2647,-0.3241,17.1
265,Grooming_Rest,0.0885,0.9396,17.1
266,Fear_Arousal,0.0886,-0.0231,17.2
267,Exploration_Seeking,-0.0011,-0.0155,17.3
268,Fear_Arousal,0.4627,0.7056,17.3
269,Approach_Reward,0.4501,0.7479,17.4
270,Exploration_Seeking,0.6077,0.8232,17.4
271,Approach_Reward,-0.0066,-0.5845,17.5
272,Grooming_Rest,0.0393,-0.1884,17.5
273,Vigilance_Defense,0.3680,-0.2900,17.6
274,Grooming_Rest,0.2482,0.7235,17.6
275,Emotional_Comfort,0.1020,-0.2753,17.7
276,Grooming_Rest,0.0543,-0.1725,17.7
277,Exploration_Seeking,0.1532,-0.0464,17.8
278,Approach_Reward,0.1453,-0.3170,17.9
279,Fear_Arousal,0.4409,-0.3479,17.9
280,Vigilance_Defense,0.3705,-0.2692,18.2
281,Fear_Arousal,0.3900,-0.2124,18.2
282,Vigilance_Defense,0.1623,-0.4065,18.3
283,Grooming_Rest,0.0563,-0.1754,18.3
284,Fear_Arousal,0.3446,0.8010,18.4
285,Emotional_Comfort,0.0900,-0.2093,18.4
286,Emotional_Comfort,0.0028,-0.1186,18.5
287,Fear_Arousal,0.2365,-0.2490,18.6
288,Vigilance_Defense,0.0863,-0.4524,18.6
289,Approach_Reward,0.0417,0.0317,18.7
290,Approach_Reward,0.1149,-0.1420,18.7
291,Fear_Arousal,0.1468,-0.1270,18.8
292,Exploration_Seeking,0.1614,-0.2819,18.8
293,Exploration_Seeking,0.3310,-0.2575,18.9
294,Emotional_Comfort,0.0028,-0.0362,18.9
295,Approach_Reward,0.5564,0.7275,19.0
296,Fear_Arousal,0.5910,-0.3520,19.0
297,Approach_Reward,0.6037,-0.2797,19.1
298,Fear_Arousal,0.3185,0.8475,19.2
299,Approach_Reward,0.3120,-0.2270,19.2
